Sample,EE,EFS,FCI,ISM,RTS,QEI
0,3.9311824,0.7719096411933667,0.3921400006503275,0.99997556,0.48605920692183346,0.6384955924198139
1,4.03102,0.6283363335381174,0.3791958314098724,0.9999353,0.41864269956471833,0.5844854273950554
2,3.9433076,0.7576585717392068,0.31770671475423523,0.9974604,0.4572874733780928,0.6134159302049942
3,3.8617957,0.8244912176297252,0.3357138650058067,0.99942636,0.4944061978041667,0.6433019252776079
4,4.0623283,0.7173840175068482,0.40169065047616825,0.9999926,0.45909608362555526,0.6187132639463906
5,4.007517,0.6627346118215967,0.3749271418950329,0.99794406,0.4325583610784293,0.5949955590574592
6,4.157426,0.44680666472144376,0.45072403754273505,0.9993439,0.3597610362280116,0.5389083686442929
7,3.9685085,0.762590756064727,0.3882155483716155,1.0,0.4788722550481578,0.6331890124037305
8,3.9558156,0.723736457631557,0.35065788193924785,0.9999659,0.4528392625222327,0.6110074581319277
9,4.049599,0.7524890317114898,0.39820044987822234,0.99999994,0.47286927154184666,0.6298073619419865
10,3.8580348,0.7668361691101266,0.3451190460218142,0.9999553,0.47439566332176203,0.6269759688990739
11,3.8864608,0.824000196119064,0.32095367941137865,0.99854606,0.4882737449012934,0.6382779040773837
12,3.9347422,0.6442594960561216,0.36334058764862687,0.9996336,0.42614168238390554,0.5886816331383012
13,3.9214103,0.7893406931633264,0.39040405048082955,1.0,0.49310829202804796,0.64412124166543
14,4.1042595,0.6924719138942077,0.4056923364939755,0.99952817,0.44776813963590517,0.610049340484194
15,3.949054,0.6648654082900646,0.36385474139696933,0.9703056,0.4336632917983762,0.5878165994720034
16,4.0168743,0.7904142132147836,0.3440858778888232,0.9992386,0.4738057216985434,0.6291296168034067
17,3.9084969,0.8274194230575401,0.3666638144075054,0.9996437,0.5020072232566309,0.6508467540593832
18,4.078347,0.7404356979075141,0.3841648354922255,0.9995743,0.46207964153413694,0.6211366996967258
19,3.9923704,0.7904958106809039,0.38323054738240697,0.999951,0.4870798964003644,0.6403112619767057
