Sample,True_Label,EE,EE_norm,EFS,FCI,ISM,RTS,QEI
0,0,3.9311824,0.801155499168705,0.7719096411933667,0.3921400006503275,0.99997556,0.48605920692183346,0.6384955924198139
1,1,4.03102,0.8215019442449678,0.6283363335381174,0.3791958314098724,0.9999353,0.41864269956471833,0.5844854273950554
2,0,3.9433076,0.8036265658128685,0.7576585717392068,0.31770671475423523,0.9974604,0.4572874733780928,0.6134159302049942
3,1,3.8617957,0.7870148291648847,0.8244912176297252,0.3357138650058067,0.99942636,0.4944061978041667,0.6433019252776079
4,0,4.0623283,0.8278823950667816,0.7173840175068482,0.40169065047616825,0.9999926,0.45909608362555526,0.6187132639463906
5,1,4.007517,0.8167120873957308,0.6627346118215967,0.3749271418950329,0.99794406,0.4325583610784293,0.5949955590574592
6,1,4.157426,0.8472628030779549,0.44680666472144376,0.45072403754273505,0.9993439,0.3597610362280116,0.5389083686442929
7,0,3.9685085,0.808762372964059,0.762590756064727,0.3882155483716155,1.0,0.4788722550481578,0.6331890124037305
8,0,3.9558156,0.8061756170405483,0.723736457631557,0.35065788193924785,0.9999659,0.4528392625222327,0.6110074581319277
9,0,4.049599,0.8252882536873866,0.7524890317114898,0.39820044987822234,0.99999994,0.47286927154184666,0.6298073619419865
10,1,3.8580348,0.7862483937627762,0.7668361691101266,0.3451190460218142,0.9999553,0.47439566332176203,0.6269759688990739
11,0,3.8864608,0.7920414578991526,0.824000196119064,0.32095367941137865,0.99854606,0.4882737449012934,0.6382779040773837
12,1,3.9347422,0.8018809744437705,0.6442594960561216,0.36334058764862687,0.9996336,0.42614168238390554,0.5886816331383012
13,0,3.9214103,0.7991640012717718,0.7893406931633264,0.39040405048082955,1.0,0.49310829202804796,0.64412124166543
14,0,4.1042595,0.8364277562332353,0.6924719138942077,0.4056923364939755,0.99952817,0.44776813963590517,0.610049340484194
15,1,3.949054,0.8047976464558013,0.6648654082900646,0.36385474139696933,0.9703056,0.4336632917983762,0.5878165994720034
16,1,4.0168743,0.8186190898467234,0.7904142132147836,0.3440858778888232,0.9992386,0.4738057216985434,0.6291296168034067
17,1,3.9084969,0.7965323009621225,0.8274194230575401,0.3666638144075054,0.9996437,0.5020072232566309,0.6508467540593832
18,1,4.078347,0.831146960921788,0.7404356979075141,0.3841648354922255,0.9995743,0.46207964153413694,0.6211366996967258
19,1,3.9923704,0.813625306955731,0.7904958106809039,0.38323054738240697,0.999951,0.4870798964003644,0.6403112619767057
20,0,3.8939679,0.7935713648033108,0.8490728422064181,0.352312833479006,0.9994171,0.5072515774852758,0.6546782378088152
21,0,3.9597101,0.8069693106054934,0.8289729799269668,0.359375244134093,0.99986047,0.49731097202936664,0.6478486735355296
22,1,3.848475,0.7843001396535871,0.7225916002977933,0.3354543178048852,0.9996765,0.4543828935645068,0.610104459781169
23,1,3.905626,0.7959472465259116,0.8646752641916713,0.34630353973336414,0.99756616,0.5109769936389043,0.657421738954752
24,1,3.8910968,0.7929862617785745,0.8770786778603757,0.3167326817773793,0.9999533,0.5079553971437918,0.6548969914622559
25,1,3.6218503,0.7381151426919744,0.872611799125826,0.3866055975221608,0.99970645,0.5435918560993863,0.6803075380176887
26,0,4.002918,0.8157748147377699,0.7406824248633415,0.4179930262369652,0.9999002,0.4769384333950952,0.6325544721246319
27,1,3.9079149,0.7964136963712422,0.7898008632451011,0.36165929820439585,0.9993564,0.4854940258479866,0.6370786082460564
28,1,3.8290606,0.7803435760176228,0.582180831580462,0.3506372089255346,0.9999833,0.4039604225045583,0.5684262042542375
29,1,3.9274461,0.8003940683847286,0.512390188470699,0.3631539083506963,0.9987574,0.37378402737806987,0.5451350829175469
30,1,3.901129,0.7950307697568885,0.8000644842698634,0.3414564794057036,0.9995099,0.4839535066025899,0.6354725090449388
31,1,4.012083,0.817642654837165,0.5081554667875103,0.36082700099030585,0.99106234,0.36621749056094643,0.5384490853035553
32,1,3.9640894,0.8078617846428923,0.8144594643330987,0.32334675200997964,0.9999246,0.4804292759433657,0.6335650432407443
33,1,3.9439025,0.8037477941841289,0.7386604344875602,0.3551338315010071,0.99829215,0.46087998499008753,0.6170661295300088
34,0,3.9068313,0.7961928615225935,0.7655022105139773,0.3815101768872509,0.99991035,0.48179607881498815,0.6343951062702473
35,0,3.7861829,0.7716053184047147,0.8955275419273241,0.3409298821671368,0.9998999,0.5290083858996563,0.6706839882050737
36,1,3.9674127,0.8085390601006069,0.7279578804798964,0.35520382858302496,0.9999886,0.455182582736684,0.6132100002520671
37,1,3.7737389,0.7690692889018838,0.7663883402107795,0.3449269402517031,0.9992815,0.4793126314892576,0.629358451913668
38,1,3.9715757,0.8093874643453273,0.7406925216163989,0.37529953048653797,0.9897635,0.4660506284889227,0.6199452903412278
39,0,4.036985,0.8227175319773091,0.7319161048229345,0.41001233907595075,0.99986315,0.46895488405876623,0.6264665045688449
40,1,3.9969375,0.8145560687512675,0.6875188043474385,0.3644431282396186,0.9999581,0.43997363958548075,0.6012969722604334
41,1,3.9238732,0.7996659207407575,0.5667744459539931,0.3673294627503173,0.99991846,0.39700884098446515,0.5645742953728657
42,1,4.082374,0.8319676211184163,0.7930907185661837,0.380530203041965,0.9998943,0.4818050620035381,0.6375165507800082
43,0,4.0289574,0.8210815563218637,0.7322091046215738,0.39522424462723404,0.99999696,0.4651264483402406,0.6230134991574812
44,0,3.9004664,0.7948957422443704,0.7547573569114704,0.326660936009394,0.9967333,0.46143250089409527,0.6160017793437383
45,1,3.8403285,0.7826399183238897,0.7884314956049527,0.33291002822248905,0.9988339,0.48045363121156087,0.6312250876380627
46,1,4.0274816,0.8207807933486767,0.6832418487656835,0.3747785760931773,0.99989057,0.4394960743296236,0.6015599544091615
47,1,3.7959137,0.7735884104867269,0.665084760881371,0.3405625354753782,0.9948057,0.4361261418491438,0.5929515080431755
48,1,3.6859052,0.7511692274988024,0.9003652866188924,0.37696014528405175,0.9951416,0.5478833899831318,0.683728512309369
49,0,3.8296041,0.7804543578558888,0.7710706221878803,0.34741052699415653,0.9998507,0.4785150996166324,0.6298700176747485
50,1,4.034952,0.8223032662084251,0.5707024960963182,0.393061830572886,0.9990477,0.39950856774786553,0.5687213012149932
51,1,3.9977517,0.8147219985660387,0.7730766152544757,0.40438633585629397,0.99727494,0.4861299472888669,0.6392189443974258
52,1,3.8766162,0.7900351890904506,0.7794397269238413,0.3562461856293352,0.99998754,0.4816391897312019,0.6334303735513332
53,0,3.8495235,0.7845138319889792,0.8182924055952165,0.3440074675703702,0.99896026,0.49516505291250396,0.6436962864406156
54,1,3.8735118,0.7894025178991956,0.9048351430093357,0.3571542501449585,0.99598074,0.5322595768774632,0.6741464842652751
55,1,3.8759115,0.7898915614089091,0.7076141100731014,0.35137116745726704,0.9999813,0.4514895258437479,0.6084818310729726
56,1,4.0897427,0.833469298089227,0.6945677591648791,0.3832133330710947,0.9999695,0.4427503141605119,0.6054801100340872
57,0,3.862745,0.7872083086736458,0.8580214835785535,0.38204637455613644,0.9984301,0.5216600131961686,0.66613333589305
58,0,4.0513134,0.8256376051861288,0.7688602652381004,0.4034639351988492,0.99976456,0.48089200509905633,0.6364636342637775
59,1,3.9357796,0.8020923831184614,0.8238091189786512,0.3547426641803898,0.9994858,0.49531873191003895,0.645626768333283
60,1,3.820405,0.7785796181858649,0.5725693738112562,0.3440778720868777,0.9998695,0.3986772256948063,0.563802782548711
61,1,4.0010343,0.8153909653858834,0.6894621212678411,0.36086868749905937,0.99999374,0.43942816514108923,0.6008842396844762
62,1,3.8105795,0.7765772364592073,0.6812276579298895,0.35485384480593957,0.9997705,0.44597404567597554,0.6027573994623383
63,1,3.7944088,0.7732817197134221,0.6642412300079956,0.33783909229383075,0.99920815,0.43506370377732084,0.5931147328184267
64,0,3.8970518,0.7941998573813681,0.8038120698139735,0.40011669756615,0.9999998,0.503299879981024,0.6522163025213078
65,0,3.9382105,0.8025877917250227,0.8374794348426743,0.3353267214069628,0.93263984,0.49481345284165174,0.6282990737041428
66,1,3.8497968,0.7845695144392655,0.7723474429410816,0.34036984753935307,0.99814904,0.4756790771064589,0.6273769535607925
67,1,3.9394348,0.802837293803749,0.6818644498129706,0.36195071592722855,0.998745,0.44047980656223207,0.6003547436218234
68,1,3.9924438,0.8136402722216021,0.7268809184888253,0.3588297661036661,0.9903911,0.45430921556014936,0.6105817676355878
69,1,3.6842425,0.7508303711215801,0.9187086687171054,0.31365224841522843,0.9997597,0.5363300306749367,0.6745305044032177
70,1,3.994648,0.8140894731403604,0.8920727389958683,0.36175891144634925,0.9999894,0.5211299270901439,0.6681843527355372
71,1,4.007373,0.8166827399262955,0.7388836515342172,0.35474653276678636,0.9991823,0.4569725984658341,0.6151920361070304
72,1,3.94693,0.8043647712816295,0.6373082417425493,0.3712640208740757,0.99998856,0.4249930715747536,0.588139140774291
73,0,4.022101,0.8196842475039458,0.7628205280299467,0.4030668074137544,0.9999832,0.48014297918492127,0.6353744624493705
74,0,3.910848,0.7970114324126228,0.728126603735636,0.35455394036149324,0.99994814,0.4585133938789155,0.6149310105304897
75,0,3.9908621,0.8133179359430684,0.8263064661987963,0.3667348525295519,0.99770766,0.4965476614554636,0.6473282419940412
76,0,3.846448,0.7838870400093164,0.8319986942855192,0.3090385606844131,0.99995995,0.4903449339167367,0.6394776549103558
77,1,4.043596,0.8240647946139052,0.6829782062268366,0.3687154487387775,0.99971163,0.43658647872819634,0.5993263657708576
78,1,3.9000325,0.7948073111278599,0.7091710964140424,0.3617040776226619,0.99901205,0.4537374685140576,0.6106533654712805
79,1,3.8787236,0.7904646630678335,0.5408765198816695,0.33060773186487696,0.98711824,0.3783935285917809,0.5447524767977512
80,1,3.984932,0.8121093935469327,0.6334409541180406,0.3740213537869388,0.9996248,0.42194996971921805,0.586249761066333
81,1,3.8390658,0.782382593492549,0.5557867072218735,0.3696442589367906,0.9593171,0.39849318252202187,0.55416517777976
82,0,3.9588673,0.8067975501676555,0.8145016958055701,0.39655673340575337,0.9995258,0.5027284332936574,0.652684148636051
83,1,3.9619148,0.8074186087013028,0.5024168889205616,0.3598887291673112,0.9999475,0.36670779170802714,0.540168537612066
84,0,3.9188344,0.7986390508416727,0.9353632619101148,0.3428262023076619,0.9999211,0.5374014502038427,0.6800027117582417
85,1,4.061472,0.8277078650829871,0.6124054626842943,0.37764837398920975,0.98647195,0.40994433774558453,0.5744671092616944
86,1,4.1077056,0.837130054781611,0.5790720977636424,0.3687898867750821,0.99984896,0.3911267887034983,0.5630005945160004
87,1,4.0499573,0.8253612336527706,0.9019166424447913,0.37408286088133513,0.99981844,0.5253831451464859,0.6727908495144885
88,1,4.016059,0.8184529170893244,0.6405585063669516,0.3740019692133551,0.9969434,0.4228881181839898,0.5869082059150927
89,1,4.0720553,0.8298647097323849,0.6688023346869868,0.38294290108223483,0.99951917,0.4334443912797497,0.5973713635035542
90,1,3.861199,0.78689321208542,0.8062955834325424,0.34682595648177683,0.98123634,0.49049805669192403,0.6356584619381882
91,1,3.9254892,0.799995253766971,0.7068548066694055,0.3650750501515114,0.99970865,0.4522658615831243,0.6101095217616659
92,0,3.9075997,0.7963494623404581,0.7502430844555765,0.38861635204863876,0.9991921,0.4777773006946848,0.6310025850896918
93,0,3.7727153,0.768860698361675,0.8611686145131353,0.3613430857658386,0.99997056,0.5222121620265032,0.6651097721769549
94,0,4.0312395,0.8215466456884786,0.7744409416316013,0.36205385155873754,0.99998575,0.47192853841371823,0.6282484874560184
95,1,3.9758434,0.8102571989527664,0.6204412364811499,0.3727865553882024,0.9966757,0.4169353015230908,0.5811978930451662
96,0,3.5548036,0.7244513690664791,0.9097859688370573,0.3504018432473483,0.99814034,0.5516995297890837,0.6849567136806548
97,1,3.8827546,0.7912861492693961,0.6770495971889801,0.3681697535188231,0.99985886,0.44388492015042014,0.602509433154447
98,0,3.958904,0.806805032800591,0.7647716497798832,0.3446438916741985,0.99998957,0.4672603175740355,0.6228906433113496
99,1,3.938913,0.8027309821098341,0.8388891362141035,0.33846805275303044,0.99871635,0.49627677567860035,0.6460772401213979
100,0,4.014777,0.8181917051759394,0.811483716775323,0.409380751113369,0.9998415,0.5019502004913581,0.6532783268095678
101,0,4.019597,0.8191739708085645,0.7619224777128507,0.39904365474230624,0.99990433,0.4787298962652629,0.6340940161851539
102,0,3.7990472,0.7742270094780996,0.8566229529235209,0.2923438344916252,0.99959296,0.498084228673466,0.6447168898862958
103,1,3.9761045,0.8103104033882493,0.7944297918780608,0.3527789818097467,0.99935913,0.48051249027767357,0.6340744847630181
104,0,3.9978943,0.8147510545043207,0.7371552575030931,0.3808357111395222,0.9999901,0.46468749999179765,0.621915877558847
105,0,4.036163,0.8225499987411946,0.7733056476859315,0.41310984222856284,0.9999919,0.4864902121205831,0.6409893963592702
106,1,3.8762114,0.7899526857740578,0.6754258497036013,0.3427161696839006,0.99999636,0.43599938505439334,0.5956033958253205
107,0,3.8665614,0.7879860652022088,0.831610844822496,0.35019710047604286,0.9998253,0.5013076485111487,0.6493613791793823
108,1,3.7554672,0.7653456100689058,0.7819310120905894,0.3313579110250081,0.9964476,0.48257609512306643,0.6308468989393795
109,0,4.0088444,0.8169826283060224,0.7381605165683041,0.41160697234820015,0.9997766,0.47365150983997495,0.6298377131969543
110,1,3.7556188,0.7653765123711589,0.8638192171515013,0.33432733604352766,0.9986803,0.5162129339623112,0.6591952804419342
111,0,3.9219246,0.7992688067213944,0.8543321895965899,0.3758060572898551,0.99975616,0.5146940510091742,0.6616952277363699
112,1,3.9589171,0.8068077051694966,0.8644991170121427,0.372192966611418,0.99972224,0.5154152252374335,0.662896207694693
113,1,3.814969,0.777471799803205,0.7504274824136419,0.36360995246939465,0.99974203,0.47601243876531363,0.6277196766443847
